{
  "digitalMarketing": {
    "defaultCTR": 2.5,
    "defaultLeadConversion": 15.0,
    "defaultAppointmentConversion": 65.0,
    "defaultPatientConversion": 80.0,
    "defaultCPM": 25.0
  },
  "oohMarketing": {
    "defaultResponseRate": 0.8,
    "defaultLeadConversion": 12.0,
    "defaultAppointmentConversion": 70.0,
    "defaultPatientConversion": 75.0,
    "defaultCPM": 35.0
  },
  "kensActualData": {
    "digitalCTR": 3.2,
    "digitalLeadConversion": 18.5,
    "digitalAppointmentConversion": 72.0,
    "digitalPatientConversion": 85.0,
    "oohResponseRate": 1.1,
    "oohLeadConversion": 15.0,
    "oohAppointmentConversion": 75.0,
    "oohPatientConversion": 80.0
  },
  "growthAssumptions": {
    "year1Growth": 25.0,
    "year23Growth": 35.0,
    "year45Growth": 15.0,
    "maxConversionCeiling": 95.0,
    "conversionOptimizationRate": 8.0,
    "cacImprovementRate": 12.0
  },
  "industryBenchmarks": {
    "healthcareDigitalCTR": 2.1,
    "healthcareOOHResponse": 0.6,
    "averageCAC": 180.0,
    "averageLTV": 2400.0
  }
}